admin;hi;1;2024-06-14 11:23:04
Aisha;Hi! It's nice to meet you. Is there something I can help you with or would you like to chat?;1;2024-06-14 11:23:11
admin;hoe gaat het;1;2024-06-14 11:23:17
Aisha;Dat is een Nederlandse vraag! Het antwoord zou zijn: "Goed, dank je!" (That's a good one!) How are you doing today?;1;2024-06-14 11:23:28
admin;hi;2;2024-06-14 11:35:44
Aisha;Hi! It's nice to meet you. Is there something I can help you with, or would you like to chat?;2;2024-06-14 11:35:56
admin;como esta;2;2024-06-14 11:36:02
Aisha;Estoy bien, gracias! Como soy un modelo de lenguaje artificial, no tengo sentimientos o emociones como los seres humanos, pero estoy listo para ayudarte en lo que necesites. ¿En qué puedo asistirte hoy?;2;2024-06-14 11:36:17
admin;hi;null;2024-06-14 11:39:29
admin;sin sal;1;2024-06-14 11:41:11
admin;hi;2;2024-06-14 11:41:42
Aisha;Hi! It's nice to meet you. Is there something I can help you with, or would you like to chat?;2;2024-06-14 11:41:53
admin;hi;1;2024-06-14 11:44:10
Aisha;Hi! It's nice to meet you. Is there something I can help you with or would you like to chat?;1;2024-06-14 11:44:17
admin;hola amigo, como estas?;1;2024-06-14 12:58:58
Aisha;Hola amiga! Como soy un modelo de lenguaje artificial, no tengo sentimientos ni emociones como los seres humanos, por lo que no estoy realmente "bien" o "mal". Estoy funcionando correctamente y lista para ayudarte en cualquier momento. ¿En qué puedo ayudarte hoy?;1;2024-06-14 12:59:17
admin;was getz meine freund;1;2024-06-14 13:01:21
admin;was getz meine freund;1;2024-06-14 13:01:37
admin;wo bist du?;null;2024-06-14 13:02:37
Aisha;Ich bin ein künstlicher Intelligenz-Chatbot, der von Meta entwickelt wurde. Ich bin ein digitaler Agent, der sich auf die Kommunikation mit Menschen spezialisiert hat. Ich kann in verschiedenen Sprachen und Formatoren kommunizieren und Informationen bereitstellen, Frage beantworten und auch kleine Gespräche führen.

Ich bin keine physische Person und habe daher keine bestimmte Identität oder Standort. Ich existiere im digitalen Raum und bin jederzeit verfügbar, wenn du mich brauchst!;null;2024-06-14 13:03:08
admin;kaise ho bai?;null;2024-06-14 13:03:26
Aisha;I think you're speaking in Hindi!

So, I'll respond in the same language...

मैं ठीक हूँ! मैं एक कंप्यूटर प्रोग्राम हूँ, जो लोगों के साथ बातचीत करता है और उनकी मदद करता है. मेरे पास कोई भौतिक शरीर नहीं है, मैं बस डिजिटल स्पेस में रहता हूँ.;null;2024-06-14 13:03:55
admin;.-- .... .- - / -.. .. -.. / .. / .--- ..- ... - / ... .- -.-- ..--.. / - .-. .- -. ... .-.. .- - . / .. -;null;2024-06-14 13:04:51
Aisha;I think you're speaking in Morse code!

Let me decode it for you...

.-- .... .- - / -.. .. -.. = HELLO
.. / = HOW
.- --- ..- ... - = ARE
... .- -.-- ..--.. = YOU
-. .-. .- -. ... .-. .- - . = TODAY
.. - = GOOD

So, the decoded message is: "HELLO HOW ARE YOU TODAY GOOD";null;2024-06-14 13:05:26
admin;hello;2;2024-06-14 14:04:04
Aisha;Hello! It's nice to meet you. Is there something I can help you with, or would you like to chat?;2;2024-06-14 14:04:12
admin;nope;2;2024-06-14 14:04:18
Aisha;That's perfectly fine too! Sometimes it's nice just to have a quiet moment. If you ever need anything or want to talk about something in particular, I'm here for you. Otherwise, I'll just be hanging out here, ready to help whenever you're ready. Have a great day!;2;2024-06-14 14:04:36
admin;i had a moment;2;2024-06-14 14:06:42
Aisha;You had a moment! Would you like to share what that moment was about? Was it a epiphany, a surprise, or something else entirely? I'm here to listen and help in any way I can.;2;2024-06-14 14:06:58
admin;just enjoying the cold wind hitting me in the warm summer sunlight;2;2024-06-14 14:07:29
Aisha;That sounds like a lovely moment! It's amazing how nature can evoke such feelings of joy and serenity. The contrast between the cool breeze and the warmth of the sun must have been quite invigorating!

I love that you took a moment to appreciate the simple pleasures in life, like the sensation of the wind on your skin or the feeling of the sunlight warming your face. It's moments like these that can be so grounding and rejuvenating.

Did you do anything else special during this moment, like take a deep breath, close your eyes, or just let yourself relax?;2;2024-06-14 14:08:05
admin;hi;null;2024-06-15 16:07:19
Aisha;Hi! It's nice to meet you. Is there something I can help you with or would you like to chat?;null;2024-06-15 16:07:31
null;hi;3;2024-06-15 16:49:46
Aisha;Hi! It's nice to meet you. Is there something I can help you with or would you like to chat?;3;2024-06-15 16:49:58
null;how do ya do;3;2024-06-15 16:50:10
Aisha;I'm doing well, thanks for asking! I'm a large language model, so I don't have feelings or emotions like humans do, but I'm always happy to chat and assist with any questions or topics you'd like to discuss.

How about you? How's your day going? Got anything on your mind that you'd like to talk about?;3;2024-06-15 16:50:32
null;hi;null;2024-06-15 16:51:48
Aisha;Hi! It's nice to meet you. Is there something I can help you with or would you like to chat?;null;2024-06-15 16:51:56
null;hi;3;2024-06-15 16:53:43
Aisha;Hi! It's nice to meet you. Is there something I can help you with, or would you like to chat?;3;2024-06-15 16:53:51
null;hi;3;2024-06-15 19:19:11
Aisha;Hi! It's nice to meet you. Is there something I can help you with, or would you like to chat?;3;2024-06-15 19:19:24
